NAME,SUB,ID,POP,DEM,REP,SHARE,VC,RATE,YEAR
"Abilene, TX Metro Area",abilene,10180,176579,16321,51219,100,458,0.259373991,2019
"Akron, OH Metro Area",akron,10420,702219,187329,170823,100,1782,0.253766987,2019
"Albany, GA Metro Area",albanyga,10500,148922,33897,31282,100,790,0.530479043,2019
"Albany-Lebanon, OR Metro Area",albanyor,10540,128610,26512,43486,100,70,0.054428116,2019
"Albany-Schenectady-Troy, NY Metro Area",albany,10580,899262,256724,188930,100,736,0.081844891,2019
"Albuquerque, NM Metro Area",albuquerque,10740,916528,250952,172445,100,7596,0.828779917,2019
"Alexandria, LA Metro Area",centrallouisiana,10780,152192,20632,46464,100,732,0.480971405,2019
"Allentown-Bethlehem-Easton, PA-NJ Metro Area",lehighvalley,10900,861889,219488,224866,100,471,0.054647408,2019
"Altoona, PA Metro Area",altoona,11020,122822,17636,45306,100,264,0.214945205,2019
"Amarillo, TX Metro Area",amarillo,11100,268761,23176,78347,100,1447,0.538396568,2019
"Ames, IA Metro Area",ames,11180,125252,35478,29035,100,135,0.10778271,2019
"Anchorage, AK Metro Area",anchorage,11260,398328,85169,110526,100,3581,0.899007853,2019
"Ann Arbor, MI Metro Area",annarbor,11460,372258,157136,56241,100,309,0.083006947,2019
"Anniston-Oxford, AL Metro Area",oxfordal,11500,116441,15216,35101,100,646,0.554787403,2018
"Appleton, WI Metro Area",appleton,11540,243147,59783,76541,100,206,0.084722411,2019
"Asheville, NC Metro Area",asheville,11700,469015,141771,133257,100,695,0.148182894,2019
"Athens-Clarke County, GA Metro Area",athens,12020,215415,50067,47963,100,770,0.357449574,2017
"Atlanta-Sandy Springs-Alpharetta, GA Metro Area",atlanta,12060,6089815,1684934,1203788,100,13276,0.218003338,2017
"Atlantic City-Hammonton, NJ Metro Area",atlanticcity,12100,274534,73808,64438,100,323,0.117653915,2019
"Auburn-Opelika, AL Metro Area",opelika,12220,174241,27860,42221,100,240,0.137740256,2018
"Augusta-Richmond County, GA-SC Metro Area",augusta,12260,611000,136387,148135,100,1548,0.253355155,2017
"Austin-Round Rock-Georgetown, TX Metro Area",austin,12420,2283371,661325,377293,100,3953,0.173121232,2019
"Bakersfield, CA Metro Area",bakersfield,12540,909235,133366,164484,100,1766,0.194229215,2019
"Baltimore-Columbia-Towson, MD Metro Area",baltimore,12580,2844510,878185,507676,100,11101,0.390260537,2019
"Bangor, ME Metro Area",bangor,12620,152199,37713,44825,100,35,0.022996209,2019
"Barnstable Town, MA Metro Area",capecod,12700,228996,91994,55311,100,178,0.077730615,2019
"Baton Rouge, LA Metro Area",batonrouge,12940,870569,179863,226976,100,2066,0.237316054,2019
"Battle Creek, MI Metro Area",battlecreek,12980,134310,28877,36221,100,568,0.422902241,2019
"Bay City, MI Metro Area",baycitymichigan,13020,103856,26151,33125,100,271,0.260938222,2019
"Beaumont-Port Arthur, TX Metro Area",beaumont,13140,397565,55904,100614,100,1241,0.312150214,2019
"Beckley, WV Metro Area",beckleywv,13220,115079,13045,36253,100,147,0.127738336,2018
"Bellingham, WA Metro Area",bellingham,13380,226847,83660,50489,100,251,0.110647264,2019
"Bend, OR Metro Area",bend,13460,198253,65962,55646,100,154,0.077678522,2019
"Billings, MT Metro Area",billings,13740,184167,34256,59702,100,598,0.324705295,2018
"Binghamton, NY Metro Area",binghamton,13780,247138,56636,58582,100,355,0.143644442,2019
"Birmingham-Hoover, AL Metro Area",birmingham,13820,1115289,230399,303030,100,4025,0.360893006,2018
"Bismarck, ND Metro Area",bismarck,13900,133626,18349,47905,100,228,0.170625477,2019
"Blacksburg-Christiansburg, VA Metro Area",blacksburg,13980,166378,33657,42418,100,50,0.03005205,2019
"Bloomington, IL Metro Area",bloomingtonnormal,14010,170954,43933,40502,100,387,0.226376686,2019
"Bloomington, IN Metro Area",bloomington,14020,161039,42281,29357,100,463,0.287507995,2018
"Bloomsburg-Berwick, PA Metro Area",bloomsburg,14100,82863,14303,25942,100,35,0.042238393,2018
"Boise City, ID Metro Area",boise,14260,764718,150243,207713,100,649,0.084867886,2019
"Boston-Cambridge-Newton, MA-NH Metro Area",boston,14460,4941632,1743643,803274,100,4244,0.085882559,2019
"Boulder, CO Metro Area",boulder,14500,330758,159089,42501,100,278,0.084049365,2019
"Bowling Green, KY Metro Area",bowlinggreen,14540,179639,26427,49166,100,203,0.113004414,2019
"Bremerton-Silverdale-Port Orchard, WA Metro Area",bremerton,14740,275611,90277,61563,100,168,0.060955477,2019
"Bridgeport-Stamford-Norwalk, CT Metro Area",stamfordct,14860,957419,297505,168445,100,843,0.088049224,2019
"Brownsville-Harlingen, TX Metro Area",brownsville,15180,421017,64063,49032,100,776,0.184315598,2019
"Brunswick, GA Metro Area",brunswickga,15260,113495,19194,36626,100,517,0.455526675,2017
"Buffalo-Cheektowaga, NY Metro Area",buffalo,15380,1166902,313299,253620,100,2533,0.217070499,2019
"Burlington, NC Metro Area",burlingtonnc,15500,225562,38825,46056,100,460,0.20393506,2019
"Burlington-South Burlington, VT Metro Area",burlington,15540,171415,91477,34101,100,174,0.101508036,2019
"California-Lexington Park, MD Metro Area",somd,15680,113777,23138,30826,100,215,0.188966136,2020
"Canton-Massillon, OH Metro Area",canton,15940,401574,79155,121842,100,981,0.244288724,2019
"Cape Coral-Fort Myers, FL Metro Area",capecoral,15980,760822,157695,233247,100,226,0.029704714,2019
"Cape Girardeau, MO-IL Metro Area",capegirardeau,16020,97517,12624,35560,100,233,0.238932699,2019
"Carbondale-Marion, IL Metro Area",carbondale,16060,133435,22668,38750,100,208,0.155881141,2019
"Carson City, NV Metro Area",carsoncity,16180,58639,12735,16113,100,154,0.262623851,2016
"Casper, WY Metro Area",casper,16220,79955,8530,25271,100,169,0.211368895,2019
"Cedar Rapids, IA Metro Area",cedarrapids,16300,276520,80247,69124,100,345,0.124764936,2019
"Chambersburg-Waynesboro, PA Metro Area",chambersburg,16540,155932,22422,57245,100,59,0.037837006,2019
"Champaign-Urbana, IL Metro Area",champaign,16580,222538,60396,41533,100,827,0.371621925,2019
"Charleston, WV Metro Area",charlestonwv,16620,258859,41944,71998,100,331,0.12786884,2018
"Charleston-North Charleston, SC Metro Area",charleston,16700,799636,200532,192607,100,516,0.064529361,2019
"Charlotte-Concord-Gastonia, NC-SC Metro Area",charlotte,16740,2660329,680904,675531,100,6982,0.262448742,2019
"Charlottesville, VA Metro Area",charlottesville,16820,221524,79066,35576,100,157,0.070872682,2019
"Chattanooga, TN-GA Metro Area",chattanooga,16860,562647,93960,162280,100,1946,0.345865169,2019
"Cheyenne, WY Metro Area",cheyenne,16940,100512,15217,27891,100,220,0.218879338,2019
"Chicago-Naperville-Elgin, IL-IN-WI Metro Area",chicago,16980,9618502,2883015,1475610,100,25532,0.26544674,2019
"Chico, CA Metro Area",chicoca,17020,211632,50426,48730,100,557,0.263192712,2019
"Cincinnati, OH-KY-IN Metro Area",cincinnati,17140,2256884,487184,647633,100,2562,0.113519348,2019
"Clarksville, TN-KY Metro Area",clarksville,17300,320535,43791,67704,100,926,0.288892009,2019
"Cleveland, TN Metro Area",clevelandtn,17420,126164,11343,41996,100,464,0.367775277,2019
"Cleveland-Elyria, OH Metro Area",cleveland,17460,2088251,608358,454238,100,5791,0.277313407,2019
"Coeur d'Alene, ID Metro Area",coeurdalene,17660,171362,24312,62837,100,132,0.077029913,2019
"College Station-Bryan, TX Metro Area",collegestation,17780,268248,39511,59919,100,225,0.083877606,2019
"Colorado Springs, CO Metro Area",coloradosprings,17820,755105,167219,214069,100,2806,0.371603949,2019
"Columbia, MO Metro Area",columbiamo,17860,210864,53726,48471,100,401,0.190169967,2019
"Columbia, SC Metro Area",columbiasc,17900,829470,208820,186741,100,1037,0.125019591,2019
"Columbus, GA-AL Metro Area",columbusga,17980,328883,71406,59638,100,2015,0.612679889,2017
"Columbus, IN Metro Area",columbusin,18020,82208,12934,22410,100,67,0.081500584,2019
"Columbus, OH Metro Area",columbus,18140,2138926,567327,480172,100,4561,0.213237859,2019
"Corpus Christi, TX Metro Area",corpus,18580,421933,69913,81133,100,2616,0.62000365,2019
"Corvallis, OR Metro Area",corvallis,18700,95184,35827,14878,100,94,0.098756093,2018
"Crestview-Fort Walton Beach-Destin, FL Metro Area",destin,18880,286973,44586,112745,100,96,0.033452624,2019
"Cumberland, MD-WV Metro Area",cumberland_maryland,19060,95044,11818,30926,100,151,0.158873785,2019
"Dallas-Fort Worth-Arlington, TX Metro Area",dallas,19100,7637387,1535525,1466387,100,11764,0.154031739,2019
"Dalton, GA Metro Area",daltonga,19140,142837,12981,38588,100,429,0.300342348,2017
"Danville, IL Metro Area",danvilleil,19180,74188,10323,20725,100,536,0.722488812,2019
"Daphne-Fairhope-Foley, AL Metro Area",baldwincountyal,19300,231767,24578,83544,100,36,0.015532841,2018
"Davenport-Moline-Rock Island, IA-IL Metro Area",quadcities,19340,384324,96694,93004,100,609,0.158460049,2019
"Dayton-Kettering, OH Metro Area",dayton,19430,814049,185525,222477,100,1351,0.165960526,2019
"Decatur, AL Metro Area",decaturalabama,19460,156494,16796,51986,100,228,0.145692487,2018
"Decatur, IL Metro Area",decaturillinois,19500,103998,19847,28589,100,375,0.360583857,2019
"Deltona-Daytona Beach-Ormond Beach, FL Metro Area",deltona,19660,668921,158736,216864,100,803,0.120044071,2019
"Denver-Aurora-Lakewood, CO Metro Area",denver,19740,2963821,1024844,603431,100,5459,0.184187911,2019
"Des Moines-West Des Moines, IA Metro Area",desmoines,19780,709466,201603,181588,100,1555,0.219178932,2019
"Detroit-Warren-Dearborn, MI Metro Area",detroit,19820,4392041,1351220,1026036,100,13040,0.296900689,2019
"Dothan, AL Metro Area",dothan,20020,151007,17118,50073,100,670,0.443688041,2018
"Dover, DE Metro Area",doverde,20100,181851,44552,41009,100,334,0.183666848,2019
"Dubuque, IA Metro Area",dubuque,20220,99266,25657,27214,100,110,0.11081337,2019
"Duluth, MN-WI Metro Area",duluth,20260,291638,94667,73124,100,292,0.100124126,2019
"Durham-Chapel Hill, NC Metro Area",bullcity,20500,649903,258099,103652,100,2046,0.314816211,2019
"East Stroudsburg, PA Metro Area",stroudsburg,20700,168327,44060,38726,100,66,0.039209396,2018
"Eau Claire, WI Metro Area",eau_claire,20740,172007,45603,46658,100,191,0.111041992,2019
"El Centro, CA Metro Area",calexicoca,20940,179702,34678,20847,100,143,0.079576187,2019
"El Paso, TX Metro Area",elpaso,21300,868859,178497,85110,100,2422,0.278756392,2019
"Elizabethtown-Fort Knox, KY Metro Area",elizabethtown,21340,155572,23237,45702,100,49,0.03149667,2019
"Elkhart-Goshen, IN Metro Area",elkhart,21060,207047,26108,46972,100,624,0.301380846,2018
"Elmira, NY Metro Area",elmirany,21140,84148,16636,21922,100,83,0.098635737,2019
"Enid, OK Metro Area",enidamerica,21420,62846,4919,16970,100,204,0.324602998,2019
"Erie, PA Metro Area",erie,21500,270876,68286,66869,100,476,0.175726163,2019
"Eugene-Springfield, OR Metro Area",eugene,21660,382971,134366,80336,100,661,0.172597925,2019
"Evansville, IN-KY Metro Area",evansville,21780,314049,57738,85106,100,721,0.229582008,2019
"Fairbanks, AK Metro Area",fairbanks,21820,95655,17033,22028,100,247,0.258219644,2019
"Fargo, ND-MN Metro Area",fargo,22020,249843,56668,57662,100,574,0.229744279,2019
"Farmington, NM Metro Area",fourcorners,22140,121661,18083,32874,100,593,0.487419962,2018
"Fayetteville, NC Metro Area",fayettenam,22180,520378,118366,104662,100,1835,0.352628282,2019
"Fayetteville-Springdale-Rogers, AR Metro Area",fayetteville,22220,546725,87636,127127,100,396,0.072431295,2019
"Flagstaff, AZ Metro Area",flagstaff,22380,145101,44698,27052,100,367,0.252927271,2019
"Flint, MI Metro Area",flint,22420,406211,119390,98714,100,1284,0.316091883,2019
"Florence, SC Metro Area",florencesc,22500,199964,46373,49447,100,447,0.223540237,2019
"Florence-Muscle Shoals, AL Metro Area",florenceal,22520,150791,20258,50924,100,206,0.136612928,2018
"Fond du Lac, WI Metro Area",fonddulac,22540,104154,20588,35754,100,134,0.128655645,2019
"Fort Collins, CO Metro Area",fortcollins,22660,359066,126120,91489,100,371,0.103323623,2019
"Fort Smith, AR-OK Metro Area",ftsmithar,22900,244310,23781,67595,100,863,0.353239736,2019
"Fort Wayne, IN Metro Area",fortwayne,23060,419601,77423,104945,100,974,0.232125281,2019
"Fresno, CA Metro Area",fresno,23420,1008654,193025,164464,100,2953,0.2927664,2018
"Gadsden, AL Metro Area",gadsden,23460,103436,11567,35528,100,372,0.359642678,2018
"Gainesville, FL Metro Area",gnv,23540,339247,97609,75616,100,928,0.273547003,2019
"Gainesville, GA Metro Area",gainesvillega,23580,203136,25033,64183,100,784,0.38594833,2017
"Gettysburg, PA Metro Area",gettysburg,23900,103852,18207,37523,100,30,0.028887263,2018
"Glens Falls, NY Metro Area",glensfalls,24020,127039,29207,33640,100,28,0.022040476,2019
"Goldsboro, NC Metro Area",goldsboronc,24140,117333,24215,30709,100,267,0.227557465,2019
"Grand Forks, ND-MN Metro Area",grandforks,24220,104362,18319,26852,100,166,0.159061727,2019
"Grand Island, NE Metro Area",gineb,24260,77038,9072,22394,100,236,0.306342325,2019
"Grand Junction, CO Metro Area",grandjunction,24300,155703,31536,56894,100,235,0.15092837,2019
"Grand Rapids-Kentwood, MI Metro Area",grandrapids,24340,1087592,273224,309126,100,1286,0.11824287,2019
"Grants Pass, OR Metro Area",grantspass,24420,88090,18451,31751,100,135,0.153252356,2019
"Great Falls, MT Metro Area",greatfalls,24500,84414,15456,23315,100,302,0.357760561,2019
"Greeley, CO Metro Area",greeley,24540,328981,66060,96145,100,386,0.117332004,2019
"Green Bay, WI Metro Area",greenbay,24580,328268,76202,100024,100,529,0.161148817,2019
"Greensboro-High Point, NC Metro Area",gso,24660,776566,204696,195489,100,2440,0.314203815,2019
"Greenville, NC Metro Area",greenvillencarolina,24780,170243,38982,47252,100,437,0.256691905,2019
"Greenville-Anderson, SC Metro Area",greenville,24860,928195,154003,280497,100,402,0.043309865,2019
"Gulfport-Biloxi, MS Metro Area",biloxi,25060,416259,51409,105213,100,236,0.056695471,2019
"Hagerstown-Martinsburg, MD-WV Metro Area",hagerstown,25180,293844,45228,80040,100,213,0.072487442,2019
"Hammond, LA Metro Area",hammond,25220,133157,18887,37806,100,299,0.224546963,2018
"Hanford-Corcoran, CA Metro Area",hanford,25260,152486,18699,24072,100,257,0.168540063,2019
"Harrisburg-Carlisle, PA Metro Area",harrisburg,25420,591712,147178,161913,100,443,0.074867503,2019
"Harrisonburg, VA Metro Area",harrisonburg,25500,135571,23666,35940,100,112,0.082613538,2019
"Hartford-East Hartford-Middletown, CT Metro Area",hartford,25540,1213531,384367,234527,100,1049,0.086441962,2019
"Hattiesburg, MS Metro Area",hattiesburg,25620,172231,25873,48348,100,106,0.06154525,2019
"Hickory-Lenoir-Morganton, NC Metro Area",hickorync,25860,365276,53197,135614,100,165,0.045171323,2019
"Hilton Head Island-Bluffton, SC Metro Area",hiltonhead,25940,215908,50604,60272,100,645,0.298738352,2018
"Hinesville, GA Metro Area",hinesvillega,25980,81424,15139,11486,100,419,0.514590293,2017
"Homosassa Springs, FL Metro Area",homosassa,26140,153843,27092,65352,100,399,0.259355317,2017
"Hot Springs, AR Metro Area",hotsprings,26300,100180,14045,29069,100,241,0.240566979,2019
"Houma-Thibodaux, LA Metro Area",houma,26380,207137,19870,70363,100,209,0.100899405,2019
"Houston-The Woodlands-Sugar Land, TX Metro Area",houston,26420,7122240,1330116,1302436,100,25257,0.35462158,2019
"Huntington-Ashland, WV-KY-OH Metro Area",huntingtonwv,26580,359862,49047,110780,100,330,0.091701819,2019
"Huntsville, AL Metro Area",huntsvillealabama,26620,491723,100958,137420,100,1787,0.363415988,2016
"Idaho Falls, ID Metro Area",idahofalls,26820,157429,16103,51106,100,172,0.109255601,2019
"Indianapolis-Carmel-Anderson, IN Metro Area",indianapolis,26900,2111040,460951,483480,100,11170,0.529123086,2018
"Iowa City, IA Metro Area",iowacity,26980,175419,63738,29896,100,167,0.095200634,2019
"Ithaca, NY Metro Area",ithaca,27060,105740,33619,11096,100,41,0.038774352,2019
"Jackson, MI Metro Area",jacksonmi,27100,160366,31995,47372,100,360,0.224486487,2019
"Jackson, MS Metro Area",jacksonms,27140,591978,139428,127213,100,1668,0.281767228,2012
"Jackson, TN Metro Area",jacksontn,27180,180504,26955,50827,100,650,0.360102823,2019
"Jacksonville, FL Metro Area",jacksonville,27260,1605848,372324,483665,100,5886,0.366535313,2019
"Jacksonville, NC Metro Area",onslowcounty,27340,204576,24266,46078,100,250,0.122203973,2018
"Janesville-Beloit, WI Metro Area",janesville,27500,163687,46658,37138,100,148,0.090416466,2019
"Jefferson City, MO Metro Area",jeffersoncity,27620,150309,20909,53070,100,119,0.079170243,2019
"Johnson City, TN Metro Area",johnsoncity,27740,207285,24782,66627,100,286,0.137974287,2019
"Johnstown, PA Metro Area",johnstown,27780,133472,21730,48085,100,240,0.179812994,2018
"Jonesboro, AR Metro Area",jonesboro,27860,134196,13345,31476,100,537,0.400160959,2019
"Joplin, MO Metro Area",joplinmo,27900,181409,19367,59848,100,307,0.169230854,2019
"Kahului-Wailuku-Lahaina, HI Metro Area",maui,27980,164754,47305,22126,100,449,0.272527526,2019
"Kalamazoo-Portage, MI Metro Area",kzoo,28020,261670,83686,56823,100,949,0.362670539,2019
"Kankakee, IL Metro Area",kankakee,28100,107502,20271,28532,100,236,0.219530799,2019
"Kansas City, MO-KS Metro Area",kansascity,28140,2192035,559595,508524,100,7099,0.323854318,2019
"Kennewick-Richland, WA Metro Area",tricitieswa,28420,303622,52046,78404,100,253,0.083327295,2019
"Killeen-Temple, TX Metro Area",killeen,28660,475367,66723,91417,100,583,0.122642085,2019
"Kingsport-Bristol, TN-VA Metro Area",tricities,28700,307614,31977,112354,100,332,0.107927468,2019
"Kingston, NY Metro Area",hudsonvalley,28740,181851,57970,37590,20.7,68,0.037393251,2019
"Knoxville, TN Metro Area",knoxville,28940,879773,138943,262100,100,1259,0.143105096,2019
"Kokomo, IN Metro Area",kokomo,29020,83658,13303,26449,100,392,0.468574434,2019
"La Crosse-Onalaska, WI-MN Metro Area",lacrossewi,29100,139627,42699,35018,100,122,0.087375651,2019
"Lafayette, LA Metro Area",lafayettela,29180,478384,69603,156499,100,664,0.138800629,2019
"Lafayette-West Lafayette, IN Metro Area",lafayette,29200,223716,39224,48075,100,352,0.157342345,2019
"Lake Charles, LA Metro Area",lakecharles,29340,222402,26306,58737,100,413,0.185699769,2019
"Lake Havasu City-Kingman, AZ Metro Area",lakehavasucity,29420,213267,24831,78535,100,87,0.040793934,2019
"Lakeland-Winter Haven, FL Metro Area",lakeland,29460,725046,145049,194586,100,350,0.048272799,2019
"Lancaster, PA Metro Area",lancaster,29540,552984,115847,160209,100,419,0.075770728,2018
"Lansing-East Lansing, MI Metro Area",lansing,29620,541297,162826,127684,100,1313,0.242565542,2019
"Laredo, TX Metro Area",laredo,29700,267114,41280,25898,100,836,0.312974984,2019
"Las Cruces, NM Metro Area",lascruces,29740,219561,47957,32802,100,514,0.234103507,2019
"Las Vegas-Henderson-Paradise, NV Metro Area",vegas,29820,2265461,521852,430930,100,8854,0.390825532,2019
"Lawrence, KS Metro Area",lawrence,29940,118785,40785,17286,100,386,0.324956855,2019
"Lawton, OK Metro Area",lawton,30020,126652,14140,23022,100,854,0.674288602,2019
"Lebanon, PA Metro Area",lebanonpa,30140,143257,23932,46731,100,65,0.045373001,2019
"Lewiston, ID-WA Metro Area",lewistonid,30300,64375,10936,21057,100,42,0.065242718,2019
"Lewiston-Auburn, ME Metro Area",lamaine,30340,111139,27617,29268,100,107,0.096275835,2019
"Lexington-Fayette, KY Metro Area",lexington,30460,516811,125564,120086,100,967,0.187109021,2019
"Lima, OH Metro Area",lima,30620,102206,14149,33116,100,259,0.25340978,2019
"Lincoln, NE Metro Area",lincoln,30700,340217,84731,76582,100,1115,0.327732006,2019
"Little Rock-North Little Rock-Conway, AR Metro Area",littlerock,30780,748031,145320,170821,100,3009,0.402256056,2019
"Logan, UT-ID Metro Area",logan,30860,147348,17307,43877,100,113,0.076689198,2019
"Longview, TX Metro Area",longviewtx,30980,286184,30210,86302,100,374,0.130685154,2019
"Longview, WA Metro Area",longview,31020,110730,23938,34424,100,101,0.09121286,2019
"Los Angeles-Long Beach-Anaheim, CA Metro Area",losangeles,31080,13200998,3842894,1822028,100,29400,0.222710434,2019
"Louisville/Jefferson County, KY-IN Metro Area",louisville,31140,1285439,314895,314390,100,4640,0.360966176,2019
"Lubbock, TX Metro Area",lubbock,31180,321368,40972,82110,100,2613,0.813086555,2019
"Lynchburg, VA Metro Area",lynchburg,31340,261593,46384,91685,100,316,0.120798339,2019
"Macon-Bibb County, GA Metro Area",macon,31420,233802,56334,54354,100,1488,0.636435959,2017
"Madera, CA Metro Area",madera,31460,156255,23168,29378,100,334,0.21375316,2019
"Madison, WI Metro Area",madisonwi,31540,680796,295210,111799,100,940,0.138073667,2019
"Manchester-Nashua, NH Metro Area",manchesternh,31700,422937,122344,104625,100,678,0.160307564,2019
"Manhattan, KS Metro Area",littleapple,31740,134046,20061,26385,100,270,0.201423392,2019
"Mankato, MN Metro Area",mankato,31860,103566,27952,25749,100,110,0.106212464,2019
"Mansfield, OH Metro Area",mansfield,31900,124936,17640,41472,100,187,0.149676634,2019
"McAllen-Edinburg-Mission, TX Metro Area",riograndevalley,32580,870781,128199,90527,100,140,0.016077521,2019
"Medford, OR Metro Area",medford,32780,223259,59478,63869,100,403,0.180507841,2019
"Memphis, TN-MS-AR Metro Area",memphis,32820,1337779,311568,236569,100,12367,0.924442677,2019
"Merced, CA Metro Area",merced,32900,281202,48991,39397,100,540,0.192032774,2019
"Miami-Fort Lauderdale-Pompano Beach, FL Metro Area",miami,33100,6138333,1670188,1200953,100,2850,0.046429544,2019
"Michigan City-La Porte, IN Metro Area",laportein,33140,112417,22427,25997,100,116,0.10318724,2019
"Midland, MI Metro Area",midland_mi,33220,83494,20493,27675,100,56,0.067070688,2019
"Midland, TX Metro Area",midessa,33260,175220,12617,47481,51.5,403,0.229996576,2018
"Milwaukee-Waukesha, WI Metro Area",milwaukee,33340,1574731,474600,388280,100,7874,0.500021909,2019
"Minneapolis-St. Paul-Bloomington, MN-WI Metro Area",minneapolis,33460,3690261,1259771,843877,100,3990,0.108122434,2019
"Missoula, MT Metro Area",missoula,33540,117922,43357,26347,100,310,0.262885636,2019
"Mobile, AL Metro Area",mobileal,33660,430197,81732,107807,100,1613,0.374944502,2018
"Modesto, CA Metro Area",modesto,33700,552878,105841,104145,100,1758,0.3179725,2019
"Monroe, LA Metro Area",monroela,33740,207104,33513,57172,100,843,0.407041873,2019
"Monroe, MI Metro Area",monroemi,33780,154809,32975,52710,100,114,0.07363913,2018
"Montgomery, AL Metro Area",montgomery,33860,386047,87371,85149,100,1216,0.314987553,2018
"Morgantown, WV Metro Area",morgantownwv,34060,140038,23445,31993,100,67,0.047844157,2019
"Morristown, TN Metro Area",morristowntn,34100,142709,11621,46027,100,255,0.178685297,2019
"Mount Vernon-Anacortes, WA Metro Area",sanjuanislands,34580,129523,38252,32762,100,55,0.042463501,2019
"Muncie, IN Metro Area",muncie,34620,111903,20474,26827,100,219,0.195705209,2018
"Muskegon, MI Metro Area",muskegon,34740,175824,45643,45133,100,308,0.175175175,2019
"Myrtle Beach-Conway-North Myrtle Beach, SC-NC Metro Area",myrtlebeach,34820,487722,92490,174671,100,415,0.085089457,2019
"Napa, CA Metro Area",napa,34900,138019,49817,20676,100,280,0.202870619,2019
"Naples-Marco Island, FL Metro Area",naples_fl,34940,375752,77621,128950,100,11,0.002927463,2019
"Nashville-Davidson--Murfreesboro--Franklin, TN Metro Area",nashville,34980,1989519,399251,493356,100,7376,0.370742878,2019
"New Bern, NC Metro Area",newbern,35100,122168,26058,39161,100,125,0.102318119,2019
"New Haven-Milford, CT Metro Area",newhaven,35300,864835,242630,169893,100,1168,0.135054664,2019
"New Orleans-Metairie, LA Metro Area",neworleans,35380,1271845,309534,282595,100,4516,0.355074714,2019
"New York-Newark-Jersey City, NY-NJ-PA Metro Area",nyc,35620,20140470,5385675,3001547,100,47821,0.237437359,2019
"Niles, MI Metro Area",bentonharbor,35660,154316,37438,43519,100,86,0.055729801,2019
"North Port-Sarasota-Bradenton, FL Metro Area",sarasota,35840,833716,210276,273357,100,95,0.011394768,2019
"Norwich-New London, CT Metro Area",newlondoncounty,35980,268555,79459,57110,100,149,0.055482117,2019
"Ocala, FL Metro Area",ocala,36100,375908,74858,127826,100,493,0.131149111,2019
"Ocean City, NJ Metro Area",capemay,36140,95263,23941,33158,100,6,0.006298353,2019
"Odessa, TX Metro Area",midessa,36220,165171,11367,32697,48.5,1282,0.776165307,2019
"Ogden-Clearfield, UT Metro Area",ogden,36260,694863,103665,196813,100,384,0.055262692,2019
"Oklahoma City, OK Metro Area",okc,36420,1425695,224083,316731,100,4751,0.333240981,2019
"Olympia-Lacey-Tumwater, WA Metro Area",olympia,36500,294793,96608,65277,100,254,0.086162154,2019
"Omaha-Council Bluffs, NE-IA Metro Area",omaha,36540,967604,226701,236351,100,2883,0.297952468,2019
"Orlando-Kissimmee-Sanford, FL Metro Area",orlando,36740,2673376,708344,569978,100,2157,0.080684498,2019
"Oshkosh-Neenah, WI Metro Area",oshkosh,36780,171730,44060,47796,100,190,0.110638793,2019
"Owensboro, KY Metro Area",owensboro,36980,121559,19711,37803,100,135,0.111057182,2019
"Oxnard-Thousand Oaks-Ventura, CA Metro Area",venturacounty,37100,843843,251388,162207,100,724,0.085797951,2019
"Palm Bay-Melbourne-Titusville, FL Metro Area",321,37340,606612,148549,207883,100,396,0.065280608,2019
"Panama City, FL Metro Area",panamacity,37460,175216,25614,66097,100,228,0.130125103,2019
"Parkersburg-Vienna, WV Metro Area",parkersburg,37620,89490,11392,29336,100,221,0.246954967,2017
"Pensacola-Ferry Pass-Brent, FL Metro Area",pensacola,37860,509905,98541,174059,100,312,0.061187868,2019
"Peoria, IL Metro Area",peoriail,37900,402391,83880,111632,100,1158,0.287779796,2019
"Philadelphia-Camden-Wilmington, PA-NJ-DE-MD Metro Area",philadelphia,37980,6245051,2159402,1162186,100,14420,0.230902838,2018
"Phoenix-Mesa-Chandler, AZ Metro Area",phoenix,38060,4845832,1115880,1102742,100,11803,0.243570144,2019
"Pine Bluff, AR Metro Area",pinebluff,38220,87751,16664,15117,100,644,0.73389477,2019
"Pittsburgh, PA Metro Area",pittsburgh,38300,2370930,652507,683045,100,1751,0.073852876,2018
"Pittsfield, MA Metro Area",pittsfield,38340,129026,51705,18064,100,300,0.232511277,2019
"Pocatello, ID Metro Area",pocatello,38540,94896,15547,25447,100,233,0.245531951,2019
"Port St. Lucie, FL Metro Area",portstlucie,38940,487657,121030,147549,100,293,0.060083214,2019
"Portland-South Portland, ME Metro Area",portlandme,38860,551740,213476,124156,100,161,0.029180411,2019
"Portland-Vancouver-Hillsboro, OR-WA Metro Area",portland,38900,2512859,900757,469466,100,3418,0.136020366,2019
"Poughkeepsie-Newburgh-Middletown, NY Metro Area",hudsonvalley,39100,697221,166398,151940,79.3,235,0.033705238,2019
"Prescott Valley-Prescott, AZ Metro Area",prescott,39150,236209,49602,91527,100,214,0.090597733,2019
"Providence-Warwick, RI-MA Metro Area",rhodeisland,39300,1676579,459587,319709,100,892,0.053203577,2019
"Provo-Orem, UT Metro Area",provoutah,39340,671185,76678,197899,100,135,0.02011368,2019
"Pueblo, CO Metro Area",pueblo,39380,168162,43772,42252,100,600,0.356798801,2019
"Punta Gorda, FL Metro Area",puntagorda,39460,186847,42273,73243,100,18,0.00963355,2019
"Racine, WI Metro Area",racine,39540,197727,50159,54479,100,291,0.147172617,2019
"Raleigh-Cary, NC Metro Area",raleigh,39580,1413982,450472,315451,100,1222,0.086422599,2019
"Rapid City, SD Metro Area",rapidcity,39660,139074,23891,44938,100,540,0.388282497,2019
"Reading, PA Metro Area",readingpa,39740,428849,92895,109736,100,621,0.144806214,2018
"Redding, CA Metro Area",redding,39820,182155,30000,60789,100,620,0.340369466,2018
"Reno, NV Metro Area",reno,39900,490596,129030,118668,100,1419,0.289240026,2019
"Richmond, VA Metro Area",rva,40060,1314434,406856,300888,100,1068,0.081251702,2019
"Riverside-San Bernardino-Ontario, CA Metro Area",inlandempire,40140,4599839,984199,815401,100,1686,0.036653457,2019
"Roanoke, VA Metro Area",roanoke,40220,315251,68390,96088,100,386,0.122442118,2019
"Rochester, MN Metro Area",rochestermn,40340,226329,62817,62929,100,254,0.112226007,2019
"Rochester, NY Metro Area",rochester,40380,1090135,294234,237163,100,1540,0.141266907,2019
"Rockford, IL Metro Area",rockford,40420,338798,74598,74744,100,1711,0.505020691,2019
"Rocky Mount, NC Metro Area",rockymountnc,40580,143870,42036,35033,100,424,0.294710503,2019
"Rome, GA Metro Area",romega,40660,98584,11917,28906,100,449,0.45544916,2017
"Sacramento-Roseville-Folsom, CA Metro Area",sacramento,40900,2397382,666896,471023,100,3223,0.134438316,2019
"Saginaw, MI Metro Area",saginaw,40980,190124,51088,50785,100,707,0.371862574,2019
"Salem, OR Metro Area",salem,41420,433353,103789,102734,100,719,0.165915547,2019
"Salinas, CA Metro Area",salinas,41500,439035,113953,46299,100,782,0.178117918,2019
"Salisbury, MD-DE Metro Area",oceancity,41540,418046,95537,118484,100,294,0.070327189,2019
"Salt Lake City, UT Metro Area",saltlakecity,41620,1257936,298849,251188,100,1442,0.114632223,2019
"San Angelo, TX Metro Area",san_angelo,41660,122888,12410,33656,100,357,0.29050843,2019
"San Antonio-New Braunfels, TX Metro Area",sanantonio,41700,2558143,529607,495195,100,11046,0.431797597,2019
"San Diego-Chula Vista-Carlsbad, CA Metro Area",sandiego,41740,3298634,964650,600094,100,5215,0.158095745,2019
"San Francisco-Oakland-Berkeley, CA Metro Area",sanfrancisco,41860,4749008,1831985,445799,100,5933,0.124931354,2019
"San Jose-Sunnyvale-Santa Clara, CA Metro Area",sanjose,41940,2000468,635595,225202,100,4559,0.227896672,2019
"San Luis Obispo-Paso Robles, CA Metro Area",slo,42020,282424,88310,67436,100,192,0.067982891,2019
"Santa Cruz-Watsonville, CA Metro Area",santacruz,42100,270861,114246,26937,100,389,0.143616098,2019
"Santa Fe, NM Metro Area",santafe,42140,154823,62530,18329,100,333,0.215084322,2018
"Santa Maria-Santa Barbara, CA Metro Area",santabarbara,42200,448229,129963,65736,100,400,0.089240098,2019
"Santa Rosa-Petaluma, CA Metro Area",santarosa,42220,488863,199938,61825,100,857,0.175304738,2019
"Savannah, GA Metro Area",savannah,42340,404798,92703,90833,100,2409,0.595111636,2017
"Scranton--Wilkes-Barre, PA Metro Area",scranton,42540,567559,131568,149199,100,811,0.142892633,2018
"Seattle-Tacoma-Bellevue, WA Metro Area",seattlewa,42660,4018762,1413544,633325,100,4471,0.111253167,2019
"Sebastian-Vero Beach, FL Metro Area",verobeach,42680,159788,37844,58872,100,19,0.011890755,2019
"Sebring-Avon Park, FL Metro Area",sebring,42700,101235,16938,34873,100,57,0.056304638,2019
"Sheboygan, WI Metro Area",sheboygan,43100,118034,27101,37609,100,172,0.145720725,2019
"Sherman-Denison, TX Metro Area",shermantx,43300,135543,14506,44163,100,179,0.132061412,2019
"Shreveport-Bossier City, LA Metro Area",shreveport,43340,393406,76229,95207,100,1462,0.371626259,2019
"Sierra Vista-Douglas, AZ Metro Area",sierravista,43420,125447,23732,35557,100,116,0.09246933,2019
"Sioux City, IA-NE-SD Metro Area",siouxcity,43580,149940,24824,37941,100,366,0.244097639,2019
"Sioux Falls, SD Metro Area",siouxfalls,43620,276730,54371,74224,100,897,0.324142666,2019
"South Bend-Mishawaka, IN-MI Metro Area",southbend,43780,324501,69026,69863,100,1357,0.418180529,2019
"Spartanburg, SC Metro Area",spartanburg,43900,327997,52926,93560,100,448,0.136586615,2019
"Spokane-Spokane Valley, WA Metro Area",spokane,44060,585784,143604,168384,100,1520,0.259481311,2019
"Springfield, IL Metro Area",springfieldil,44100,208640,50939,58249,100,889,0.426092791,2019
"Springfield, MA Metro Area",springfield,44140,699162,219340,120800,100,1397,0.19981063,2019
"Springfield, MO Metro Area",springfieldmo,44180,475432,74037,151899,100,2571,0.540771341,2019
"Springfield, OH Metro Area",springfieldoh,44220,136001,24076,39032,100,292,0.214704304,2019
"St. Cloud, MN Metro Area",saintcloud,41060,199671,39159,65341,100,298,0.149245509,2019
"St. George, UT Metro Area",stgeorge,41100,180279,20530,67294,100,181,0.100399936,2019
"St. Joseph, MO-KS Metro Area",stjoseph,41140,121467,17412,36509,100,431,0.354828884,2019
"St. Louis, MO-IL Metro Area",stlouis,41180,2820253,741752,693693,100,5792,0.205371646,2019
"State College, PA Metro Area",statecollege,44300,158172,40055,36372,100,54,0.03414005,2019
"Staunton, VA Metro Area",staunton,44420,125433,22782,41916,100,51,0.040659157,2019
"Stockton, CA Metro Area",stockton,44700,779233,161137,121098,100,4380,0.562091185,2019
"Sumter, SC Metro Area",sumter,44940,136700,35629,29361,100,418,0.305779078,2019
"Syracuse, NY Metro Area",syracuse,45060,662057,174941,142266,100,1129,0.170529124,2019
"Tallahassee, FL Metro Area",tallahassee,45220,384298,128918,82271,100,1359,0.353631817,2019
"Tampa-St. Petersburg-Clearwater, FL Metro Area",tampa,45300,3175275,810409,853640,100,1622,0.05108219,2019
"Terre Haute, IN Metro Area",terrehaute,45460,185031,26476,51319,100,157,0.084850647,2016
"Texarkana, TX-AR Metro Area",texarkana,45500,147519,16218,42751,100,157,0.106426969,2019
"The Villages, FL Metro Area",thevillagesflorida,45540,129752,29341,62761,100,259,0.199611567,2017
"Toledo, OH Metro Area",toledo,45780,646604,161700,147879,100,2604,0.402719439,2019
"Topeka, KS Metro Area",topeka,45820,233152,51190,59844,100,895,0.38386975,2019
"Trenton-Princeton, NJ Metro Area",trenton,45940,387340,122532,51641,100,937,0.241906336,2019
"Tucson, AZ Metro Area",tucson,46060,1043433,304981,207758,100,3775,0.361786526,2019
"Tulsa, OK Metro Area",tulsa,46140,1015331,140991,253452,100,3964,0.390414554,2019
"Tuscaloosa, AL Metro Area",tuscaloosa,46220,268674,50334,60778,100,514,0.191309915,2018
"Twin Falls, ID Metro Area",twinfalls,46300,114283,11284,31631,100,201,0.175879177,2019
"Tyler, TX Metro Area",tylertx,46340,233479,29615,69080,100,401,0.171749922,2019
"Urban Honolulu, HI Metro Area",honolulu,46520,1016508,238869,136259,100,2638,0.259515911,2019
"Utica-Rome, NY Metro Area",utica,46540,292264,51912,76731,100,374,0.127966496,2019
"Valdosta, GA Metro Area",valdosta,46660,148126,24093,33718,100,632,0.426663786,2017
"Vallejo, CA Metro Area",vallejo,46700,453491,131639,69306,100,1037,0.22867047,2019
"Victoria, TX Metro Area",vtown,47020,98331,11257,26443,100,347,0.35288973,2019
"Vineland-Bridgeton, NJ Metro Area",vineland,47220,154152,32742,28952,100,211,0.136877887,2019
"Virginia Beach-Norfolk-Newport News, VA-NC Metro Area",norfolk,47260,1799674,481915,355016,100,581,0.032283625,2019
"Visalia, CA Metro Area",visalia,47300,473117,66105,77579,100,586,0.123859426,2019
"Waco, TX Metro Area",waco,47380,277547,38587,63720,100,799,0.28787917,2019
"Walla Walla, WA Metro Area",wallawalla,47460,62584,13690,16400,100,114,0.182155183,2019
"Warner Robins, GA Metro Area",warnerrobins,47580,191614,38161,48046,100,420,0.219190665,2019
"Washington-Arlington-Alexandria, DC-VA-MD-WV Metro Area",washingtondc,47900,6385162,2320658,818418,100,6896,0.108000392,2019
"Waterloo-Cedar Falls, IA Metro Area",waterlooiowa,47940,168461,43811,42863,100,306,0.181644416,2019
"Watertown-Fort Drum, NY Metro Area",watertownny,48060,116721,17307,25629,100,154,0.131938554,2019
"Wausau-Weston, WI Metro Area",wausau,48140,166428,37069,54641,100,156,0.093734227,2019
"Weirton-Steubenville, WV-OH Metro Area",steubenville,48260,116903,16755,40179,100,11,0.00940951,2019
"Wenatchee, WA Metro Area",wenatchee,48300,122012,27160,35701,100,62,0.050814674,2019
"Wheeling, WV-OH Metro Area",wheelingwv,48540,139513,19816,46349,100,229,0.16414241,2018
"Wichita Falls, TX Metro Area",wichitafalls,48660,148128,14221,41438,100,364,0.24573342,2019
"Wichita, KS Metro Area",wichita,48620,647610,114389,163337,100,4451,0.687296367,2019
"Williamsport, PA Metro Area",williamsport,48700,114188,16971,41462,100,71,0.062178162,2018
"Wilmington, NC Metro Area",wilmington,48900,285905,77861,85287,100,759,0.265472797,2019
"Winchester, VA-WV Metro Area",winchester,49020,142632,25756,43812,100,80,0.056088395,2019
"Winston-Salem, NC Metro Area",winstonsalem,49180,675966,151431,204027,100,2679,0.396321708,2019
"Worcester, MA-CT Metro Area",worcesterma,49340,978529,275479,200824,100,1165,0.119056257,2019
"Yakima, WA Metro Area",yakima,49420,256728,43179,50555,100,420,0.16359727,2019
"York-Hanover, PA Metro Area",yorkpa,49620,456438,88114,146733,100,450,0.098589513,2018
"Youngstown-Warren-Boardman, OH-PA Metro Area",youngstown,49660,541243,123227,151240,100,428,0.079077235,2018
"Yuba City, CA Metro Area",yubacity,49700,181208,28597,42051,100,241,0.132996336,2019
"Yuma, AZ Metro Area",yuma,49740,203881,32210,36534,100,376,0.184421305,2019
